AF,Chain
AF-O00244-F1-model_v1.pdb,1FE4:A
AF-O00244-F1-model_v1.pdb,1FE4:B
AF-O00244-F1-model_v1.pdb,1FE0:B
AF-O60218-F1-model_v1.pdb,4XZM:X
AF-O60760-F1-model_v1.pdb,6W8H:C
AF-O60760-F1-model_v1.pdb,6N4E:A
AF-O60760-F1-model_v1.pdb,4EC0:A
AF-O60760-F1-model_v1.pdb,6ZTC:A
AF-O75531-F1-model_v1.pdb,1CI4:A
AF-O75531-F1-model_v1.pdb,6URZ:A
AF-O75531-F1-model_v1.pdb,6US7:A
AF-O75531-F1-model_v1.pdb,6USD:A
AF-O75531-F1-model_v1.pdb,6USB:A
AF-O75531-F1-model_v1.pdb,6USI:A
AF-O75531-F1-model_v1.pdb,6URJ:A
AF-O75531-F1-model_v1.pdb,6URK:A
AF-O75531-F1-model_v1.pdb,6URE:A
AF-O75531-F1-model_v1.pdb,6URR:A
AF-O75531-F1-model_v1.pdb,6US1:A
AF-O75531-F1-model_v1.pdb,6URN:A
AF-O75531-F1-model_v1.pdb,6US0:A
AF-O75531-F1-model_v1.pdb,6URL:A
AF-O75531-F1-model_v1.pdb,6UNT:A
AF-O95166-F1-model_v1.pdb,1GNU:A
AF-P00441-F1-model_v1.pdb,5YTU:A
AF-P00441-F1-model_v1.pdb,5YTU:B
AF-P00441-F1-model_v1.pdb,5YTU:C
AF-P00441-F1-model_v1.pdb,5YTU:D
AF-P00441-F1-model_v1.pdb,5YTU:F
AF-P00441-F1-model_v1.pdb,5YTU:H
AF-P00441-F1-model_v1.pdb,5YUL:A
AF-P00441-F1-model_v1.pdb,5YUL:B
AF-P00441-F1-model_v1.pdb,5YUL:C
AF-P00441-F1-model_v1.pdb,5YUL:D
AF-P00441-F1-model_v1.pdb,5YUL:E
AF-P00441-F1-model_v1.pdb,5YUL:G
AF-P00441-F1-model_v1.pdb,5YUL:H
AF-P00441-F1-model_v1.pdb,5YUL:I
AF-P00441-F1-model_v1.pdb,5YTO:B
AF-P00441-F1-model_v1.pdb,5YTO:C
AF-P00441-F1-model_v1.pdb,5YTO:E
AF-P00441-F1-model_v1.pdb,5YTO:H
AF-P01040-F1-model_v1.pdb,3KFQ:C
AF-P01040-F1-model_v1.pdb,3KFQ:D
AF-P01040-F1-model_v1.pdb,3KSE:D
AF-P01040-F1-model_v1.pdb,3KSE:E
AF-P01040-F1-model_v1.pdb,3KSE:F
AF-P04271-F1-model_v1.pdb,3D10:A
AF-P04271-F1-model_v1.pdb,2H61:B
AF-P05413-F1-model_v1.pdb,3WXQ:A
AF-P09211-F1-model_v1.pdb,5X79:A
AF-P09211-F1-model_v1.pdb,5X79:B
AF-P09211-F1-model_v1.pdb,3DGQ:A
AF-P09211-F1-model_v1.pdb,2A2S:A
AF-P09211-F1-model_v1.pdb,5DJL:A
AF-P09211-F1-model_v1.pdb,5DDL:A
AF-P09211-F1-model_v1.pdb,13GS:A
AF-P10599-F1-model_v1.pdb,1ERT:A
AF-P10599-F1-model_v1.pdb,2IIY:A
AF-P14174-F1-model_v1.pdb,1GIF:A
AF-P14174-F1-model_v1.pdb,1GIF:B
AF-P14174-F1-model_v1.pdb,1GIF:C
AF-P15121-F1-model_v1.pdb,2R24:A
AF-P15121-F1-model_v1.pdb,3V35:A
AF-P15121-F1-model_v1.pdb,3S3G:A
AF-P15121-F1-model_v1.pdb,1EL3:A
AF-P15121-F1-model_v1.pdb,1T40:A
AF-P24941-F1-model_v1.pdb,2EXM:A
AF-P24941-F1-model_v1.pdb,4KD1:A
AF-P24941-F1-model_v1.pdb,1YKR:A
AF-P24941-F1-model_v1.pdb,2B54:A
AF-P35270-F1-model_v1.pdb,7DSF:A
AF-P47929-F1-model_v1.pdb,5H9Q:A
AF-P50120-F1-model_v1.pdb,7JZ5:A
AF-P54922-F1-model_v1.pdb,3HFW:A
AF-P62937-F1-model_v1.pdb,1FGL:A
AF-P62937-F1-model_v1.pdb,4N1R:A
AF-P62937-F1-model_v1.pdb,4N1Q:A
AF-P62937-F1-model_v1.pdb,4N1P:A
AF-P62937-F1-model_v1.pdb,1M9F:A
AF-P62937-F1-model_v1.pdb,1M9X:A
AF-P62937-F1-model_v1.pdb,1M9X:E
AF-P62937-F1-model_v1.pdb,1M9Y:A
AF-P62937-F1-model_v1.pdb,1M9Y:E
AF-P62937-F1-model_v1.pdb,4N1O:A
AF-P62937-F1-model_v1.pdb,1CWO:A
AF-P62937-F1-model_v1.pdb,5NOZ:A
AF-P62937-F1-model_v1.pdb,5NOQ:A
AF-P62937-F1-model_v1.pdb,5NOR:A
AF-P62937-F1-model_v1.pdb,6GJP:A
AF-P62937-F1-model_v1.pdb,6GJR:A
AF-P62937-F1-model_v1.pdb,1W8V:A
AF-P62937-F1-model_v1.pdb,1W8L:A
AF-P62937-F1-model_v1.pdb,1W8M:A
AF-P62937-F1-model_v1.pdb,1CWF:A
AF-P62937-F1-model_v1.pdb,1CWH:A
AF-P62937-F1-model_v1.pdb,1CWI:A
AF-P62937-F1-model_v1.pdb,1BCK:A
AF-P62937-F1-model_v1.pdb,1M9D:A
AF-P62937-F1-model_v1.pdb,2X2D:B
AF-P62937-F1-model_v1.pdb,6GJI:A
AF-P62937-F1-model_v1.pdb,6GJN:A
AF-P62937-F1-model_v1.pdb,2XGY:B
AF-P62942-F1-model_v1.pdb,6VCU:C
AF-P62942-F1-model_v1.pdb,6VCU:D
AF-P68871-F1-model_v1.pdb,1DXT:B
AF-P68871-F1-model_v1.pdb,1DXT:D
AF-P69905-F1-model_v1.pdb,1BZ1:A
AF-P69905-F1-model_v1.pdb,1BZ1:C
AF-Q13325-F1-model_v1.pdb,4HOR:A
AF-Q7Z4W1-F1-model_v1.pdb,1PR9:A
AF-Q7Z4W1-F1-model_v1.pdb,1PR9:B
AF-Q7Z4W1-F1-model_v1.pdb,3D3W:A
AF-Q8N5Z0-F1-model_v1.pdb,5TF5:A
AF-Q8N5Z0-F1-model_v1.pdb,5TF5:B
AF-Q8N5Z0-F1-model_v1.pdb,5EFS:A
AF-Q8N5Z0-F1-model_v1.pdb,5EUN:A
AF-Q8N5Z0-F1-model_v1.pdb,2R2N:A
AF-Q8N5Z0-F1-model_v1.pdb,2R2N:B
AF-Q8N5Z0-F1-model_v1.pdb,2R2N:C
AF-Q8N5Z0-F1-model_v1.pdb,2R2N:D
AF-Q99497-F1-model_v1.pdb,1Q2U:A
AF-Q9H0R8-F1-model_v1.pdb,7AA9:A
AF-Q9H0R8-F1-model_v1.pdb,7AA9:E
AF-Q9H0R8-F1-model_v1.pdb,7AA9:G
AF-Q9H0R8-F1-model_v1.pdb,7AA9:K
AF-Q9H0R8-F1-model_v1.pdb,7JHX:A
AF-Q9NWV4-F1-model_v1.pdb,5ZRT:A
AF-Q9NWV4-F1-model_v1.pdb,5ZRT:B
AF-Q9UHV8-F1-model_v1.pdb,5XG7:A
